{
  "swagger" : "2.0",
  "info" : {
    "version" : "1.0",
    "title" : "Summary about the new REST service.",
    "description" : "Summary about the new REST service."
  },
  "host" : "localhost:8080",
  "basePath" : "/",
  "schemes" : [ "http" ],
  "paths" : {
    "/baz/services/tandas" : {
      "post" : {
        "summary" : "",
        "description" : "",
        "operationId" : "post-baz-services-tandas",
        "consumes" : [ "application/json" ],
        "produces" : [ "application/json" ],
        "parameters" : [ {
          "name" : "body",
          "in" : "body",
          "description" : "",
          "schema" : {
            "type" : "array",
            "items" : {
              "$ref" : "#/definitions/Tanda_PersonasElement",
              "uniqueItems" : false
            }
          },
          "required" : true
        } ],
        "responses" : {
          "200" : {
            "description" : "a Tanda_PersonasElement to be returned",
            "schema" : {
              "type" : "array",
              "items" : {
                "$ref" : "#/definitions/Tanda_PersonasElement",
                "uniqueItems" : false
              }
            }
          }
        }
      }
    }
  },
  "definitions" : {
    "Tanda_PersonasElement" : {
      "type" : "object",
      "properties" : {
        "nombre" : {
          "type" : "string"
        },
        "pagado" : {
          "type" : "integer"
        },
        "cantidad" : {
          "type" : "integer"
        }
      }
    }
  }
}